{
  "dognames": {
		"type": "dognames",
		"popularity": 5,
		"title": "Dog Names",
		"namelist": ["Bella", "Luna", "Charlie", "Lucy", "Cooper", "Max", "Bailey", "Daisy", "Sadie", "Lola", "Buddy", "Molly", "Stella", "Tucker", "Bear", "Zoey", "Duke", "Harley", "Maggie", "Jax"]
  },
  "catnames": {
		"type": "catnames",
		"popularity": 4,
		"title": "Cat Names",
		"namelist": ["Oliver", "Leo", "Milo", "Charlie", "Simba", "Max", "Jack", "Loki", "Tiger", "Jasper", "Ollie", "Oscar", "George", "Buddy", "Toby", "Smokey", "Finn", "Felix", "Simon", "Shadow"]
  },
  "birdnames":{
		"type": "birdnames",
		"popularity": 3,
		"title": "Bird Names",
		"namelist": ["Angel","Baby","BB","Buddy","Charlie","Coco","Daisy","Kiwi","Mango","Max","Pepper","Pikachu","Skittles","Sunny","Tweety","Bougie","Bubba","Chip","Dewey","Donut"]
  }
}